Word,Freq,Rank
",",531,1
.,495,2
to,400,3
the,370,4
and,265,5
of,209,6
in,186,7
our,155,8
a,147,9
I,146,10
we,143,11
',131,12
for,122,13
that,110,14
you,99,15
this,75,16
more,69,17
s,67,18
We,66,19
it,65,20
have,61,21
all,60,22
is,54,23
will,53,24
with,51,25
-,48,26
new,46,27
on,46,28
ask,43,29
people,41,30
do,40,31
And,39,32
be,39,33
can,39,34
are,38,35
make,38,36
children,38,37
us,35,38
help,35,39
years,35,40
by,34,41
America,33,42
at,32,43
must,31,44
their,30,45
should,29,46
year,29,47
--,29,48
who,29,49
also,28,50
as,28,51
;,27,52
But,27,53
work,27,54
want,27,55
from,27,56
than,26,57
every,26,58
American,25,59
these,24,60
they,24,61
ve,23,62
Americans,23,63
care,23,64
them,22,65
so,21,66
has,21,67
was,21,68
thank,20,69
tax,19,70
gun,19,71
:,19,72
up,19,73
know,18,74
need,18,75
child,18,76
support,18,77
now,18,78
000,18,79
what,18,80
tonight,18,81
Congress,17,82
first,17,83
t,17,84
which,17,85
That,17,86
one,17,87
when,16,88
would,16,89
world,16,90
long,15,91
he,15,92
there,15,93
propose,15,94
century,15,95
just,15,96
community,15,97
not,15,98
health,14,99
time,14,100
his,14,101
$,14,102
Now,14,103
million,14,104
The,14,105
families,14,106
give,14,107
working,14,108
into,14,109
last,14,110
get,14,111
got,14,112
but,13,113
down,13,114
parents,13,115
or,13,116
pass,13,117
an,13,118
those,13,119
together,13,120
other,13,121
This,13,122
In,13,123
right,13,124
college,13,125
home,13,126
schools,12,127
school,12,128
most,12,129
let,12,130
important,12,131
credit,12,132
opportunity,12,133
me,12,134
national,11,135
here,11,136
poverty,11,137
toward,11,138
still,11,139
President,11,140
technology,11,141
good,11,142
about,11,143
economic,10,144
economy,10,145
next,10,146
For,10,147
take,10,148
both,10,149
My,10,150
percent,10,151
very,10,152
my,10,153
going,10,154
21st,10,155
budget,10,156
think,10,157
"""",10,158
markets,9,159
Medicare,9,160
hope,9,161
Nation,9,162
meet,9,163
open,9,164
say,9,165
same,9,166
So,9,167
re,9,168
affordable,9,169
great,9,170
out,9,171
single,9,172
young,9,173
lives,9,174
well,9,175
because,9,176
Tonight,9,177
China,9,178
keep,9,179
things,9,180
way,9,181
around,9,182
high,9,183
already,9,184
ever,9,185
trade,8,186
revolution,8,187
debt,8,188
only,8,189
no,8,190
education,8,191
don,8,192
fellow,8,193
steps,8,194
pay,8,195
[,8,196
best,8,197
billion,8,198
Last,8,199
sure,8,200
communities,8,201
again,8,202
without,8,203
challenge,8,204
Thank,8,205
save,8,206
It,8,207
10,8,208
big,8,209
2,8,210
back,7,211
prosperity,7,212
investments,7,213
said,7,214
leaders,7,215
before,7,216
First,7,217
many,7,218
country,7,219
ll,7,220
family,7,221
teachers,7,222
7,7,223
growth,7,224
peace,7,225
another,7,226
If,7,227
since,7,228
income,7,229
course,7,230
investment,7,231
times,7,232
],7,233
science,7,234
30,7,235
responsibility,7,236
go,7,237
succeed,7,238
protect,7,239
quality,7,240
bipartisan,7,241
believe,7,242
today,7,243
strengthen,7,244
did,6,245
bring,6,246
House,6,247
invest,6,248
safety,6,249
step,6,250
plan,6,251
any,6,252
something,6,253
largest,6,254
Let,6,255
women,6,256
helped,6,257
lowest,6,258
research,6,259
5,6,260
Vice,6,261
freedom,6,262
1,6,263
between,6,264
goal,6,265
job,6,266
low,6,267
use,6,268
3,6,269
tools,6,270
chance,6,271
cannot,6,272
were,6,273
Today,6,274
reach,6,275
three,6,276
been,6,277
These,6,278
Internet,6,279
better,6,280
much,6,281
business,6,282
future,6,283
far,6,284
generation,6,285
even,6,286
ought,6,287
States,6,288
always,6,289
legislation,6,290
look,6,291
To,5,292
lead,5,293
build,5,294
laws,5,295
You,5,296
A,5,297
its,5,298
own,5,299
two,5,300
Act,5,301
reward,5,302
being,5,303
cause,5,304
Laughter,5,305
drugs,5,306
part,5,307
industry,5,308
fight,5,309
lot,5,310
crime,5,311
ready,5,312
Mr,5,313
provide,5,314
double,5,315
begin,5,316
making,5,317
like,5,318
ago,5,319
guns,5,320
live,5,321
standards,5,322
global,5,323
prevent,5,324
over,5,325
incentives,5,326
record,5,327
your,5,328
thing,5,329
could,5,330
They,5,331
major,5,332
cut,5,333
1993,5,334
put,5,335
funding,5,336
State,5,337
reform,5,338
progress,5,339
initiative,5,340
dreams,5,341
had,5,342
men,5,343
reduce,5,344
life,5,345
weapons,5,346
tell,5,347
increase,5,348
20,5,349
nations,5,350
proposed,5,351
race,4,352
worked,4,353
Tom,4,354
recognize,4,355
too,4,356
rest,4,357
goals,4,358
some,4,359
millions,4,360
citizen,4,361
100,4,362
coverage,4,363
tech,4,364
based,4,365
ensure,4,366
aging,4,367
old,4,368
rate,4,369
after,4,370
means,4,371
citizens,4,372
choose,4,373
White,4,374
laughter,4,375
leave,4,376
drug,4,377
choice,4,378
program,4,379
Of,4,380
As,4,381
efforts,4,382
".""",4,383
teach,4,384
prescription,4,385
Captain,4,386
change,4,387
EITC,4,388
see,4,389
act,4,390
grow,4,391
expand,4,392
]--,4,393
Social,4,394
security,4,395
Government,4,396
Soon,4,397
middle,4,398
retirement,4,399
areas,4,400
history,4,401
rates,4,402
learn,4,403
Security,4,404
consensus,4,405
United,4,406
moment,4,407
issue,4,408
globalization,4,409
allow,4,410
Sun,4,411
led,4,412
stand,4,413
efficient,4,414
welfare,4,415
vital,4,416
hire,4,417
access,4,418
environment,4,419
jobs,4,420
ideas,4,421
common,4,422
programs,4,423
Russia,4,424
When,4,425
hands,4,426
dollar,4,427
create,4,428
others,4,429
continue,4,430
livable,4,431
commitment,4,432
Federal,4,433
why,4,434
example,4,435
nation,4,436
if,4,437
promote,4,438
40,4,439
classrooms,4,440
businesses,4,441
turn,4,442
earn,4,443
service,4,444
able,4,445
past,4,446
Chamber,4,447
frontiers,4,448
doing,4,449
technologies,4,450
across,4,451
set,3,452
charter,3,453
enough,3,454
Because,3,455
strong,3,456
values,3,457
Native,3,458
used,3,459
rising,3,460
actually,3,461
humanity,3,462
reached,3,463
constructive,3,464
marriage,3,465
vote,3,466
law,3,467
No,3,468
where,3,469
honor,3,470
developing,3,471
power,3,472
little,3,473
African,3,474
paying,3,475
bad,3,476
action,3,477
50,3,478
private,3,479
4,3,480
off,3,481
?,3,482
God,3,483
neighborhoods,3,484
rewards,3,485
includes,3,486
made,3,487
--[,3,488
cities,3,489
expansion,3,490
cars,3,491
partnerships,3,492
human,3,493
party,3,494
bringing,3,495
half,3,496
funded,3,497
deduction,3,498
class,3,499
higher,3,500
Cherrey,3,501
created,3,502
person,3,503
start,3,504
finish,3,505
funds,3,506
Franklin,3,507
Yet,3,508
Carlos,3,509
join,3,510
asked,3,511
missile,3,512
15,3,513
background,3,514
filled,3,515
Every,3,516
quarter,3,517
idea,3,518
Again,3,519
building,3,520
war,3,521
under,3,522
economies,3,523
creating,3,524
development,3,525
remember,3,526
racial,3,527
doubled,3,528
Union,3,529
poor,3,530
fathers,3,531
path,3,532
fund,3,533
easier,3,534
Stand,3,535
Kosovo,3,536
nuclear,3,537
unemployment,3,538
nearly,3,539
energy,3,540
passing,3,541
expanded,3,542
direction,3,543
religious,3,544
digital,3,545
hard,3,546
AIDS,3,547
real,3,548
enforce,3,549
saw,3,550
researchers,3,551
cleaner,3,552
enforcement,3,553
conservation,3,554
voluntary,3,555
forward,3,556
follow,3,557
Colombia,3,558
decade,3,559
Many,3,560
helping,3,561
millennium,3,562
homes,3,563
safest,3,564
grateful,3,565
fastest,3,566
defenses,3,567
may,3,568
Our,3,569
Delta,3,570
third,3,571
Speaker,3,572
lines,3,573
Brady,3,574
equal,3,575
criminals,3,576
taken,3,577
often,3,578
row,3,579
teen,3,580
passed,3,581
nobody,3,582
insurance,3,583
forge,3,584
m,3,585
shape,3,586
fall,3,587
against,3,588
done,3,589
THE,3,590
police,3,591
sector,3,592
fiscal,3,593
workers,3,594
One,3,595
key,3,596
trained,3,597
entire,3,598
effort,3,599
Just,3,600
smart,3,601
responsible,3,602
400,3,603
liberal,3,604
From,3,605
agreement,3,606
commonsense,3,607
while,3,608
former,3,609
strongly,2,610
bio,2,611
mental,2,612
began,2,613
counts,2,614
democratic,2,615
rights,2,616
longest,2,617
center,2,618
mentors,2,619
production,2,620
stability,2,621
courage,2,622
soldiers,2,623
150,2,624
endeavor,2,625
doesn,2,626
thanks,2,627
each,2,628
training,2,629
least,2,630
What,2,631
edge,2,632
surpluses,2,633
parent,2,634
profound,2,635
unimaginable,2,636
He,2,637
saving,2,638
reservations,2,639
state,2,640
OF,2,641
march,2,642
tie,2,643
reaching,2,644
term,2,645
farm,2,646
talented,2,647
size,2,648
opportunities,2,649
possibility,2,650
rural,2,651
proud,2,652
Founders,2,653
listen,2,654
Africa,2,655
narcotraffickers,2,656
East,2,657
biological,2,658
Applause,2,659
miles,2,660
second,2,661
cancer,2,662
penalty,2,663
enduring,2,664
parties,2,665
terrorists,2,666
small,2,667
seen,2,668
alone,2,669
Jackson,2,670
order,2,671
treasures,2,672
happens,2,673
Columbine,2,674
Cohen,2,675
safeguard,2,676
else,2,677
mind,2,678
faced,2,679
wrong,2,680
supported,2,681
loved,2,682
computer,2,683
possible,2,684
classroom,2,685
through,2,686
ways,2,687
prices,2,688
different,2,689
few,2,690
legacy,2,691
requires,2,692
emissions,2,693
students,2,694
strength,2,695
seniors,2,696
offer,2,697
demanding,2,698
air,2,699
formula,2,700
planet,2,701
enable,2,702
turned,2,703
beginning,2,704
Gore,2,705
special,2,706
gratitude,2,707
ethnic,2,708
proposal,2,709
abuse,2,710
reduction,2,711
land,2,712
giving,2,713
historic,2,714
Members,2,715
E,2,716
80,2,717
am,2,718
assuring,2,719
spirit,2,720
standing,2,721
lesson,2,722
invests,2,723
stood,2,724
violence,2,725
kids,2,726
results,2,727
Forces,2,728
25,2,729
faith,2,730
harmful,2,731
disease,2,732
Second,2,733
safer,2,734
forever,2,735
organized,2,736
agree,2,737
move,2,738
growing,2,739
tried,2,740
understand,2,741
does,2,742
days,2,743
Start,2,744
challenges,2,745
uninsured,2,746
tirelessly,2,747
employers,2,748
downpayment,2,749
death,2,750
wife,2,751
Houses,2,752
adults,2,753
finalize,2,754
spend,2,755
boost,2,756
trouble,2,757
stop,2,758
try,2,759
full,2,760
man,2,761
gallon,2,762
her,2,763
Hillary,2,764
Hank,2,765
protecting,2,766
stands,2,767
highest,2,768
innovations,2,769
unless,2,770
close,2,771
celebrate,2,772
lots,2,773
Head,2,774
effective,2,775
grows,2,776
fuels,2,777
stronger,2,778
pro,2,779
foster,2,780
tuition,2,781
Aaron,2,782
test,2,783
interest,2,784
held,2,785
discrimination,2,786
greenhouse,2,787
initiatives,2,788
prosperous,2,789
built,2,790
improved,2,791
accept,2,792
kept,2,793
stay,2,794
discipline,2,795
unprecedented,2,796
graduates,2,797
decline,2,798
grief,2,799
Never,2,800
dream,2,801
IRA,2,802
entertainment,2,803
Please,2,804
level,2,805
diversity,2,806
free,2,807
yet,2,808
especially,2,809
dollars,2,810
day,2,811
worthy,2,812
confidence,2,813
1992,2,814
safe,2,815
districts,2,816
advances,2,817
chemical,2,818
There,2,819
break,2,820
kinds,2,821
differences,2,822
ahead,2,823
send,2,824
privacy,2,825
1835,2,826
handgun,2,827
achievement,2,828
honored,2,829
inner,2,830
costs,2,831
paycheck,2,832
him,2,833
permanent,2,834
modernize,2,835
flow,2,836
brought,2,837
places,2,838
divide,2,839
potential,2,840
public,2,841
AmeriCorps,2,842
barriers,2,843
ground,2,844
father,2,845
fully,2,846
line,2,847
With,2,848
number,2,849
members,2,850
Mauser,2,851
California,2,852
joined,2,853
everyone,2,854
disadvantaged,2,855
months,2,856
raised,2,857
raising,2,858
enhance,2,859
aisle,2,860
month,2,861
transforming,2,862
threatening,2,863
countries,2,864
money,2,865
savings,2,866
speed,2,867
Even,2,868
threat,2,869
supercomputers,2,870
ratings,2,871
how,2,872
increasing,2,873
large,2,874
greatest,2,875
Secretary,2,876
bonds,2,877
Thanks,2,878
balanced,2,879
investing,2,880
reconciliation,2,881
personal,2,882
medical,2,883
available,2,884
supporting,2,885
social,2,886
bless,2,887
horizon,2,888
shot,2,889
present,2,890
living,2,891
local,2,892
clean,2,893
threats,2,894
systems,2,895
farmers,2,896
cuts,2,897
fact,2,898
keeps,2,899
draw,2,900
getting,2,901
foremost,2,902
address,2,903
scores,2,904
35,2,905
preserve,2,906
Mississippi,2,907
materials,2,908
6,2,909
Health,2,910
such,2,911
student,2,912
9,2,913
become,2,914
terror,2,915
environmental,2,916
2000,2,917
buy,2,918
remain,2,919
Bill,2,920
traveled,2,921
Armed,2,922
mean,2,923
everything,2,924
along,2,925
accidental,2,926
took,2,927
genes,2,928
lands,2,929
license,2,930
healing,2,931
among,2,932
companies,2,933
true,2,934
Rosas,2,935
droughts,2,936
majority,2,937
son,2,938
partners,2,939
Russian,2,940
won,2,941
provides,2,942
genome,2,943
providing,2,944
Janet,2,945
system,2,946
memories,1,947
Deficit,1,948
Alzheimer,1,949
transportation,1,950
complacency,1,951
Reduction,1,952
Treaty,1,953
[*,1,954
Mental,1,955
Tipper,1,956
internal,1,957
whether,1,958
airmen,1,959
spending,1,960
conceal,1,961
possibilities,1,962
ones,1,963
weight,1,964
curbing,1,965
civics,1,966
sir,1,967
satellites,1,968
benefit,1,969
extraordinary,1,970
dedicates,1,971
650,1,972
destruction,1,973
decide,1,974
worth,1,975
preservation,1,976
justice,1,977
restrain,1,978
Framers,1,979
strongest,1,980
takes,1,981
cover,1,982
bravery,1,983
unwed,1,984
Watts,1,985
Ten,1,986
salaries,1,987
traffickers,1,988
couple,1,989
Fund,1,990
housing,1,991
All,1,992
Connecting,1,993
civil,1,994
requiring,1,995
continent,1,996
centers,1,997
bask,1,998
breaking,1,999
90,1,1000
trace,1,1001
Both,1,1002
fire,1,1003
dinners,1,1004
lower,1,1005
1996,1,1006
IDA,1,1007
serving,1,1008
skier,1,1009
benefits,1,1010
abusive,1,1011
unbelievable,1,1012
rid,1,1013
wise,1,1014
arrears,1,1015
",""",1,1016
nutrition,1,1017
Appalachia,1,1018
Illinois,1,1019
Slobodan,1,1020
dues,1,1021
GEAR,1,1022
microchips,1,1023
cents,1,1024
modern,1,1025
pension,1,1026
context,1,1027
Opportunity,1,1028
lengthen,1,1029
using,1,1030
books,1,1031
Development,1,1032
climate,1,1033
net,1,1034
UNION,1,1035
gripped,1,1036
increased,1,1037
counted,1,1038
really,1,1039
110,1,1040
hasn,1,1041
ages,1,1042
useful,1,1043
Cyprus,1,1044
Everglades,1,1045
lifeline,1,1046
drivers,1,1047
accumulate,1,1048
water,1,1049
SESSION,1,1050
Giving,1,1051
outweigh,1,1052
negotiated,1,1053
unveiled,1,1054
organizations,1,1055
expressed,1,1056
accountable,1,1057
assure,1,1058
65,1,1059
Ban,1,1060
waterways,1,1061
appliances,1,1062
readiness,1,1063
walk,1,1064
plane,1,1065
acts,1,1066
warmth,1,1067
excluding,1,1068
wondered,1,1069
expensive,1,1070
Trust,1,1071
develop,1,1072
anchored,1,1073
claps,1,1074
scientists,1,1075
female,1,1076
remarkable,1,1077
difference,1,1078
title,1,1079
implore,1,1080
expanding,1,1081
bottom,1,1082
opinion,1,1083
come,1,1084
cleansing,1,1085
fuel,1,1086
comprehensive,1,1087
impressive,1,1088
cultures,1,1089
identified,1,1090
serious,1,1091
older,1,1092
wires,1,1093
arts,1,1094
normal,1,1095
stable,1,1096
king,1,1097
therefore,1,1098
read,1,1099
STATE,1,1100
Asian,1,1101
tolerate,1,1102
enormous,1,1103
fair,1,1104
mention,1,1105
1994,1,1106
purchases,1,1107
Eight,1,1108
embrace,1,1109
vision,1,1110
root,1,1111
gases,1,1112
improve,1,1113
recruit,1,1114
solvent,1,1115
BILL,1,1116
neighbors,1,1117
prosecutors,1,1118
prevention,1,1119
theirs,1,1120
having,1,1121
November,1,1122
military,1,1123
top,1,1124
entrance,1,1125
cell,1,1126
walls,1,1127
choices,1,1128
statements,1,1129
symbolizing,1,1130
book,1,1131
triple,1,1132
everybody,1,1133
Rights,1,1134
appreciate,1,1135
value,1,1136
acres,1,1137
breakthroughs,1,1138
matched,1,1139
detect,1,1140
interesting,1,1141
phones,1,1142
showroom,1,1143
burning,1,1144
monuments,1,1145
including,1,1146
tragedy,1,1147
Wait,1,1148
ratification,1,1149
role,1,1150
trailers,1,1151
CHIP,1,1152
show,1,1153
CONGRESS,1,1154
senior,1,1155
automobile,1,1156
strain,1,1157
directly,1,1158
room,1,1159
draft,1,1160
Constitution,1,1161
Senator,1,1162
cruel,1,1163
lethal,1,1164
defending,1,1165
teardrop,1,1166
Bentsen,1,1167
strengthens,1,1168
week,1,1169
balance,1,1170
skills,1,1171
final,1,1172
nominations,1,1173
ban,1,1174
impact,1,1175
Information,1,1176
industrialized,1,1177
larger,1,1178
office,1,1179
outmoded,1,1180
S,1,1181
guests,1,1182
languages,1,1183
Over,1,1184
threaten,1,1185
Pakistan,1,1186
hit,1,1187
tide,1,1188
performing,1,1189
judged,1,1190
expanse,1,1191
Philadelphia,1,1192
Indonesia,1,1193
births,1,1194
era,1,1195
meaningful,1,1196
Taken,1,1197
capital,1,1198
loans,1,1199
preparedness,1,1200
less,1,1201
gaining,1,1202
starts,1,1203
humility,1,1204
certain,1,1205
anybody,1,1206
courses,1,1207
minute,1,1208
priorities,1,1209
fundamental,1,1210
problems,1,1211
Asia,1,1212
extending,1,1213
wider,1,1214
Great,1,1215
video,1,1216
delay,1,1217
dramatically,1,1218
pressing,1,1219
42,1,1220
joy,1,1221
illegal,1,1222
hundreds,1,1223
urgent,1,1224
hostile,1,1225
lose,1,1226
kind,1,1227
apart,1,1228
ideologies,1,1229
Chance,1,1230
ensured,1,1231
media,1,1232
sun,1,1233
entirely,1,1234
area,1,1235
India,1,1236
February,1,1237
came,1,1238
engines,1,1239
illusion,1,1240
translate,1,1241
distress,1,1242
forests,1,1243
forces,1,1244
Hate,1,1245
wasn,1,1246
rule,1,1247
liberating,1,1248
75,1,1249
amazing,1,1250
rewarded,1,1251
agenda,1,1252
artificial,1,1253
waves,1,1254
Violence,1,1255
arsenals,1,1256
interconnected,1,1257
crafting,1,1258
allies,1,1259
grandchildren,1,1260
society,1,1261
virtually,1,1262
treat,1,1263
period,1,1264
teacher,1,1265
Some,1,1266
foresight,1,1267
streets,1,1268
Somehow,1,1269
industrial,1,1270
levels,1,1271
precision,1,1272
gain,1,1273
worker,1,1274
network,1,1275
products,1,1276
might,1,1277
serve,1,1278
accounts,1,1279
partnership,1,1280
average,1,1281
committed,1,1282
cutting,1,1283
launched,1,1284
recommendation,1,1285
retina,1,1286
disrepair,1,1287
distinguished,1,1288
automakers,1,1289
makes,1,1290
dragged,1,1291
2025,1,1292
stray,1,1293
Turkey,1,1294
Latin,1,1295
financial,1,1296
breast,1,1297
extra,1,1298
Greece,1,1299
realize,1,1300
closer,1,1301
redwoods,1,1302
groups,1,1303
defuse,1,1304
Those,1,1305
empowering,1,1306
side,1,1307
reasons,1,1308
John,1,1309
gridlock,1,1310
Nigeria,1,1311
raises,1,1312
enabling,1,1313
destroy,1,1314
Republican,1,1315
crusade,1,1316
introduce,1,1317
complete,1,1318
math,1,1319
proposing,1,1320
however,1,1321
defend,1,1322
securing,1,1323
ensures,1,1324
spaces,1,1325
colleague,1,1326
outline,1,1327
shine,1,1328
awe,1,1329
works,1,1330
transit,1,1331
achieve,1,1332
22,1,1333
graduate,1,1334
brave,1,1335
happen,1,1336
purpose,1,1337
run,1,1338
peacemakers,1,1339
borders,1,1340
reflected,1,1341
grants,1,1342
measures,1,1343
46,1,1344
solve,1,1345
8,1,1346
creates,1,1347
crisis,1,1348
Lifesaving,1,1349
preventing,1,1350
carving,1,1351
independent,1,1352
boom,1,1353
advanced,1,1354
Iran,1,1355
gulf,1,1356
Here,1,1357
confusing,1,1358
holds,1,1359
exist,1,1360
pre,1,1361
Earth,1,1362
grades,1,1363
twice,1,1364
1997,1,1365
tear,1,1366
boy,1,1367
early,1,1368
earned,1,1369
whatever,1,1370
taking,1,1371
Employment,1,1372
67,1,1373
groundbreaking,1,1374
share,1,1375
onset,1,1376
lies,1,1377
excitement,1,1378
discussed,1,1379
enrolled,1,1380
age,1,1381
target,1,1382
discussion,1,1383
Children,1,1384
above,1,1385
honoring,1,1386
given,1,1387
huge,1,1388
prevailed,1,1389
concentrated,1,1390
St,1,1391
enemies,1,1392
shrunk,1,1393
Nothing,1,1394
refused,1,1395
spur,1,1396
spring,1,1397
indeed,1,1398
setting,1,1399
communism,1,1400
require,1,1401
Parkinson,1,1402
settled,1,1403
Basin,1,1404
Daniel,1,1405
defeating,1,1406
self,1,1407
greatly,1,1408
uncomfortable,1,1409
straight,1,1410
black,1,1411
recommend,1,1412
basic,1,1413
democracies,1,1414
resources,1,1415
paralyzed,1,1416
Protections,1,1417
blessed,1,1418
punishes,1,1419
fighting,1,1420
eligible,1,1421
Reading,1,1422
group,1,1423
heat,1,1424
Clearly,1,1425
conscience,1,1426
fatherhood,1,1427
realities,1,1428
mad,1,1429
Went,1,1430
overseas,1,1431
plans,1,1432
civilian,1,1433
labor,1,1434
immigrants,1,1435
relief,1,1436
folks,1,1437
interests,1,1438
earning,1,1439
heavy,1,1440
Middle,1,1441
relations,1,1442
fraction,1,1443
enlisted,1,1444
movement,1,1445
Each,1,1446
shows,1,1447
stalled,1,1448
seesaw,1,1449
genetic,1,1450
roadmap,1,1451
gift,1,1452
cords,1,1453
Individual,1,1454
UP,1,1455
numerous,1,1456
forsaking,1,1457
apple,1,1458
passionately,1,1459
worries,1,1460
gone,1,1461
house,1,1462
selling,1,1463
considered,1,1464
55,1,1465
technique,1,1466
WTO,1,1467
staying,1,1468
punchline,1,1469
stopped,1,1470
caring,1,1471
Well,1,1472
mothers,1,1473
alive,1,1474
political,1,1475
Florida,1,1476
losing,1,1477
stress,1,1478
summer,1,1479
tough,1,1480
benefited,1,1481
shootings,1,1482
flew,1,1483
palms,1,1484
charities,1,1485
adoptive,1,1486
likely,1,1487
technological,1,1488
dawn,1,1489
steel,1,1490
N,1,1491
judicial,1,1492
wide,1,1493
wealthier,1,1494
lifts,1,1495
bank,1,1496
essential,1,1497
Beyond,1,1498
interdependence,1,1499
never,1,1500
Indeed,1,1501
Senate,1,1502
gay,1,1503
shut,1,1504
disabilities,1,1505
adoptions,1,1506
Behind,1,1507
equivalent,1,1508
perfect,1,1509
Andrew,1,1510
heightened,1,1511
foreign,1,1512
aid,1,1513
expense,1,1514
.*,1,1515
Finally,1,1516
Milosevic,1,1517
TV,1,1518
roadless,1,1519
owe,1,1520
wars,1,1521
frankly,1,1522
Record,1,1523
refundable,1,1524
networks,1,1525
propelling,1,1526
glow,1,1527
super,1,1528
presented,1,1529
Serbia,1,1530
eventually,1,1531
restored,1,1532
suggestion,1,1533
Keep,1,1534
reducing,1,1535
gunned,1,1536
profoundly,1,1537
effect,1,1538
Republicans,1,1539
Lady,1,1540
Women,1,1541
rich,1,1542
connect,1,1543
ADDRESS,1,1544
"?""",1,1545
protection,1,1546
successful,1,1547
protects,1,1548
Korea,1,1549
Theodore,1,1550
blind,1,1551
English,1,1552
hatred,1,1553
Lloyd,1,1554
result,1,1555
coastlines,1,1556
score,1,1557
Lott,1,1558
Corps,1,1559
TB,1,1560
1990,1,1561
speech,1,1562
shoulder,1,1563
thought,1,1564
Together,1,1565
crediting,1,1566
Frankly,1,1567
absence,1,1568
mountain,1,1569
ended,1,1570
parking,1,1571
veterans,1,1572
represent,1,1573
scholarships,1,1574
illness,1,1575
electing,1,1576
conflict,1,1577
buyers,1,1578
disciplines,1,1579
cells,1,1580
224,1,1581
behind,1,1582
kid,1,1583
locks,1,1584
ATF,1,1585
Like,1,1586
empowerment,1,1587
sits,1,1588
Non,1,1589
commentators,1,1590
Hall,1,1591
classes,1,1592
warming,1,1593
therapies,1,1594
CLINTON,1,1595
Pell,1,1596
danger,1,1597
emergency,1,1598
believes,1,1599
backgrounds,1,1600
win,1,1601
ON,1,1602
finished,1,1603
Roosevelt,1,1604
Office,1,1605
uniform,1,1606
Crime,1,1607
promise,1,1608
passages,1,1609
achievable,1,1610
external,1,1611
partisanship,1,1612
minimum,1,1613
Wall,1,1614
Berlin,1,1615
Balkans,1,1616
catalyst,1,1617
ability,1,1618
Since,1,1619
medicine,1,1620
At,1,1621
finding,1,1622
records,1,1623
raise,1,1624
JOINT,1,1625
extends,1,1626
expert,1,1627
13,1,1628
reservation,1,1629
commentary,1,1630
pray,1,1631
connected,1,1632
ensuring,1,1633
fast,1,1634
wage,1,1635
once,1,1636
Insurance,1,1637
colleagues,1,1638
destiny,1,1639
dropped,1,1640
tithe,1,1641
Against,1,1642
previous,1,1643
HOPE,1,1644
crises,1,1645
tour,1,1646
treaty,1,1647
changes,1,1648
pledge,1,1649
proposals,1,1650
finance,1,1651
ABM,1,1652
floor,1,1653
reality,1,1654
dealers,1,1655
parks,1,1656
combining,1,1657
accountability,1,1658
baby,1,1659
deeds,1,1660
feel,1,1661
plainly,1,1662
ailing,1,1663
died,1,1664
Patients,1,1665
outrage,1,1666
clapped,1,1667
obligation,1,1668
maximize,1,1669
enjoyed,1,1670
pledged,1,1671
stimulate,1,1672
700,1,1673
moderate,1,1674
enemy,1,1675
checks,1,1676
surplus,1,1677
match,1,1678
Democrats,1,1679
auto,1,1680
improvements,1,1681
democracy,1,1682
emerge,1,1683
loan,1,1684
suit,1,1685
frequent,1,1686
Revolution,1,1687
determined,1,1688
goes,1,1689
moved,1,1690
miraculous,1,1691
advance,1,1692
card,1,1693
succeeding,1,1694
killers,1,1695
99,1,1696
lighting,1,1697
expectation,1,1698
face,1,1699
track,1,1700
capacity,1,1701
participate,1,1702
Nuclear,1,1703
afterwards,1,1704
Benjamin,1,1705
Everywhere,1,1706
U,1,1707
covers,1,1708
1998,1,1709
devices,1,1710
hottest,1,1711
hunters,1,1712
Listen,1,1713
simply,1,1714
Fairness,1,1715
belongs,1,1716
Crimes,1,1717
proven,1,1718
infectious,1,1719
Later,1,1720
lack,1,1721
shared,1,1722
potentially,1,1723
undermine,1,1724
maintaining,1,1725
insurers,1,1726
ours,1,1727
journey,1,1728
molecular,1,1729
immediate,1,1730
empower,1,1731
genetically,1,1732
correction,1,1733
unique,1,1734
sound,1,1735
ammunition,1,1736
subjects,1,1737
five,1,1738
block,1,1739
determination,1,1740
flood,1,1741
Prevention,1,1742
qualified,1,1743
smaller,1,1744
chair,1,1745
500,1,1746
liberty,1,1747
Conference,1,1748
regardless,1,1749
drift,1,1750
emission,1,1751
changed,1,1752
Program,1,1753
PRESIDENT,1,1754
happiness,1,1755
rules,1,1756
laugh,1,1757
combined,1,1758
blueprint,1,1759
force,1,1760
imagine,1,1761
partner,1,1762
Timor,1,1763
deadly,1,1764
invite,1,1765
1989,1,1766
whole,1,1767
point,1,1768
Within,1,1769
possibly,1,1770
slowing,1,1771
characteristic,1,1772
signed,1,1773
subjected,1,1774
urged,1,1775
Caribbean,1,1776
grown,1,1777
commission,1,1778
battle,1,1779
Discrimination,1,1780
hold,1,1781
Peace,1,1782
sparked,1,1783
actions,1,1784
conflicts,1,1785
abroad,1,1786
fell,1,1787
stake,1,1788
guided,1,1789
Accounts,1,1790
reinvented,1,1791
deficits,1,1792
Scientists,1,1793
gasoline,1,1794
After,1,1795
skill,1,1796
joint,1,1797
brightly,1,1798
floods,1,1799
contribute,1,1800
soon,1,1801
unlivable,1,1802
claim,1,1803
Nearly,1,1804
specifically,1,1805
addition,1,1806
predict,1,1807
Paycheck,1,1808
indivisible,1,1809
itemize,1,1810
bullet,1,1811
watching,1,1812
sighted,1,1813
struggling,1,1814
debts,1,1815
traditions,1,1816
vaccines,1,1817
turmoil,1,1818
clear,1,1819
newborn,1,1820
boomers,1,1821
crossed,1,1822
troops,1,1823
sent,1,1824
Then,1,1825
inexorable,1,1826
lasting,1,1827
competitive,1,1828
Look,1,1829
creative,1,1830
spotlight,1,1831
equipped,1,1832
campaign,1,1833
greater,1,1834
modest,1,1835
Northern,1,1836
encourage,1,1837
rating,1,1838
basis,1,1839
discovery,1,1840
unleashed,1,1841
clips,1,1842
neighbor,1,1843
risk,1,1844
pressed,1,1845
found,1,1846
grander,1,1847
libraries,1,1848
lobby,1,1849
historically,1,1850
diseases,1,1851
overwhelming,1,1852
diverse,1,1853
photo,1,1854
New,1,1855
wanted,1,1856
approach,1,1857
adversaries,1,1858
communications,1,1859
January,1,1860
recent,1,1861
sensible,1,1862
16,1,1863
sides,1,1864
followed,1,1865
murdered,1,1866
tolerating,1,1867
away,1,1868
killed,1,1869
.],1,1870
tearing,1,1871
sophisticated,1,1872
subject,1,1873
binds,1,1874
agents,1,1875
rolls,1,1876
alike,1,1877
failed,1,1878
powerful,1,1879
restore,1,1880
promoting,1,1881
zones,1,1882
secured,1,1883
seemed,1,1884
designing,1,1885
quickly,1,1886
diabetes,1,1887
buying,1,1888
Hispanic,1,1889
18,1,1890
numbers,1,1891
pays,1,1892
standard,1,1893
scientist,1,1894
North,1,1895
malaria,1,1896
preserving,1,1897
showing,1,1898
fit,1,1899
anymore,1,1900
landmark,1,1901
contributions,1,1902
waste,1,1903
economics,1,1904
pretty,1,1905
Jesse,1,1906
wealth,1,1907
replacing,1,1908
Homes,1,1909
continues,1,1910
continued,1,1911
Pine,1,1912
fortunate,1,1913
division,1,1914
Minnesota,1,1915
Defense,1,1916
wisdom,1,1917
wisely,1,1918
Modern,1,1919
reflect,1,1920
incentive,1,1921
bogus,1,1922
Ireland,1,1923
accelerate,1,1924
reauthorize,1,1925
Texas,1,1926
Therefore,1,1927
ancient,1,1928
pose,1,1929
Chechnya,1,1930
difficult,1,1931
guarantees,1,1932
computers,1,1933
demand,1,1934
survival,1,1935
oppose,1,1936
connection,1,1937
poorest,1,1938
remembering,1,1939
central,1,1940
Researchers,1,1941
Reverend,1,1942
beyond,1,1943
70,1,1944
became,1,1945
Iraq,1,1946
knew,1,1947
finally,1,1948
check,1,1949
tougher,1,1950
served,1,1951
gains,1,1952
Russians,1,1953
Soviet,1,1954
Pentagon,1,1955
engaged,1,1956
heroes,1,1957
crack,1,1958
find,1,1959
National,1,1960
natural,1,1961
treatment,1,1962
endowment,1,1963
reverse,1,1964
Independence,1,1965
critical,1,1966
handguns,1,1967
talk,1,1968
borne,1,1969
disrupted,1,1970
needed,1,1971
prove,1,1972
innovation,1,1973
importation,1,1974
fail,1,1975
thousand,1,1976
dependable,1,1977
protections,1,1978
Too,1,1979
fruits,1,1980
wildlife,1,1981
faiths,1,1982
employment,1,1983
diplomacy,1,1984
pregnancy,1,1985
spark,1,1986
prep,1,1987
retire,1,1988
knowing,1,1989
individuals,1,1990
worst,1,1991
gas,1,1992
riding,1,1993
appointees,1,1994
Passing,1,1995
Lakes,1,1996
401k,1,1997
package,1,1998
Treasury,1,1999
12,1,2000
revival,1,2001
absolute,1,2002
taught,1,2003
eager,1,2004
crucial,1,2005
collections,1,2006
confirmed,1,2007
games,1,2008
loving,1,2009
toxic,1,2010
nothing,1,2011
burden,1,2012
27,1,2013
pilot,1,2014
Wyoming,1,2015
smallest,1,2016
coastal,1,2017
embracing,1,2018
lifting,1,2019
thanking,1,2020
failing,1,2021
Comprehensive,1,2022
damaged,1,2023
Pope,1,2024
fired,1,2025
mark,1,2026
bridge,1,2027
foundations,1,2028
traffic,1,2029
decent,1,2030
enrich,1,2031
census,1,2032
bill,1,2033
prosecutions,1,2034
hackers,1,2035
following,1,2036
turning,1,2037
Test,1,2038
Democratic,1,2039
supports,1,2040
Paul,1,2041
repairs,1,2042
attack,1,2043
Wrong,1,2044
barons,1,2045
bare,1,2046
teeth,1,2047
appeal,1,2048
Earlier,1,2049
Jewish,1,2050
Millions,1,2051
agreements,1,2052
leading,1,2053
accepting,1,2054
combat,1,2055
sick,1,2056
Your,1,2057
listening,1,2058
return,1,2059
prepare,1,2060
dialog,1,2061
1999,1,2062
BEFORE,1,2063
Ridge,1,2064
spinal,1,2065
indispensable,1,2066
